401,Brother,021-22334455,Gorgan,Amir,Salarzade
402,Mother,021-44233433,Downtown Montreal,Fahime,Ameli
403,Father,022-33996677,Downtown Texas,Mohammad,Asali
404,Sister,011-33228744,JFK,Taraneh,Bizad
405,Grandmother,032-84930445,Pardisan 9 - pelak 3,Kolsoom,Zakariaei
406,Grandfather,020-48194032,Pardis 4,Asqar,Rezaii
407,Brother,034-65829675,Parand,Hassan,Sharyati
408,Mother,020-44826301,Marzadaran,Fatemeh,Fatemi
409,Father,021-37296492,Poonak,Hossein,Namdar
410,Brother,020-36294682,Enqelab-44,Pedram,Aghaei
411,Mother,011-36294673,Shahran,Maryam,Hemmati
412,Father,034-42947892,Hotel Darvish,Ali,Alipour
413,Brother,021-46394729,Downtown Shiraz,Reza,Rezazade
414,Mother,110-23840349,33 pol,Fatima,Akbari
415,Father,222-33666762,Downtown Markazi,Akbar,Asqari
416,Sister,333-23555393,Downtown Texas,Sahar,Shirzani
417,Grandmother,444-23666482,JFK,Roqaye,Akbari
418,Grandfather,052-28402658,Pardisan 9 - pelak 3,Borna,Barahimi
419,Sister,023-24693492,Pardis 4,Soosan,Aghaei
420,Grandmother,021-47302949,Parand,Tayyebe,Mohammadi