972,100,Tehran,mas@yahoo.com,021-22334455,Marzdaran- Nahid,Iran,2394028563
973,101,Tehran,sad@gmail.com,021-44233433,West Punak,Iran,2378764246
974,102,Qom,ali@yahoo.com,022-33996677,Keshavarz- 23,Iran,2394636423
976,103,Mazandaran,mamad@yahoo.com,011-33228744,Pirouze- Laleh18,Iran,3498709124
982,104,Mashhad,hosein@yahoo.com,032-84930445,Enqelab- 44,Iran,2349089773
984,105,Shiraz,amir@gmail.com,020-48194032,Downtown Shiraz,Iran,2349869083
986,106,Isfahan,salam@gmail.com,034-65829675,Naqshe Jahan- 2nd Street,Iran,8926426429
988,107,Shiraz,sarda@yahoo.com,020-44826301,Downtown Shiraz,Iran,2749027894
992,108,Tehran,ali23@yahoo.com,021-37296492,Saadat Abad- 9th Street,Iran,2349624672
994,109,Shiraz,mamad1@gmail.com,020-36294682,Imam Sq.,Iran,8767642465
996,110,Mazandaran,reza@yahoo.com,011-36294673,Shohada Sq.,Iran,1247247827
961,111,Azarbayejan-Sharqi,mohsen@gmail.com,034-42947892,Marzi Blv.,Iran,2946284383
995,112,Tehran,sarda@yahoo.com,021-46394729,W Hemmat Blv.,Iran,4878798454
993,113,Kabol,br@gmail.com,110-23840349,Downtown Kabol,Afghanistan,4242554234
997,114,Toronto,sqefffdfg@gmail.com,222-33666762,Downtown Toronto,Canada,5454695896
968,115,Los Angeles,hwerasn@gmail.com,333-23555393,Pasadena,USA,7890576763
998,116,Mountain View,awgmir@gmail.com,444-23666482,San Jose,USA,7587452547
962,117,Kish,sergdfg@gmail.com,052-28402658,Pardis 1- Num 4,Iran,9860958135
964,118,Qesh,sd345fg@gmail.com,023-24693492,Pardisan 9- Num 3,Iran,9550235443
966,119,Tehran,sd23fg@gmail.com,021-47302949,Parand,Iran,9874562738