401,301,Tehran,mas@yahoo.com,021-22334455,Marzadaran,Iran,2394028563
402,302,Tehran,sad@gmail.com,021-44233433,Poonak,Iran,2378764246
403,303,Qom,ali@yahoo.com,022-33996677,Enqelab-44,Iran,2394636423
404,304,Sari,mamad@yahoo.com,011-33228744,Shahran,Iran,3498709124
405,305,Mashhad,hosein@yahoo.com,032-84930445,Hotel Darvish,Iran,2349089773
406,306,Shiraz,amir@gmail.com,020-48194032,Downtown Shiraz,Iran,2349869083
407,307,Isfahan,salam@gmail.com,034-65829675,33 pol,Iran,8926426429
408,308,Markazi,sarda@yahoo.com,020-44826301,Downtown Markazi,Iran,2749027894
409,309,Kermanshah,ali23@yahoo.com,021-37296492,Saadat Abad,Iran,2349624672
410,310,Khoozestan,mamad1@gmail.com,020-36294682,Imam Sq.,Iran,8767642465
411,311,Sari,reza@yahoo.com,011-36294673,Shohada Sq.,Iran,1247247827
412,312,Ardabil,mohsen@gmail.com,034-42947892,Marzdaran Blv.,Iran,2946284383
413,313,Tehran,mohsen@23gmail.com,021-46394729,W Hemmat Blv.,Iran,4878798454
414,314,Gorgan,br@gmail.com,110-23840349,Gorgan,Iran,4242554234
415,315,Montreal,sdfg@gmail.com,222-33666762,Downtown Montreal,Canada,5454695896
416,316,Texas,hasn@gmail.com,333-23555393,Downtown Texas,USA,7890576763
417,317,New York,mohse23n@gmail.com,444-23666482,JFK,USA,7587452547
418,318,Kish,mo45hsen@gmail.com,052-28402658,Pardisan 9 - pelak 3,Iran,9860958135
419,319,Qeshm,mo43hsen@gmail.com,023-24693492,Pardis 4,Iran,9550235443
420,320,Sistan Baloochestan,moh12sen@gmail.com,021-47302949,Parand,Iran,9874562738